[
    {
        "name": "娱乐天地",
        "list": [
            { "name": "星秀", "gameId": 1663 },
            { "name": "户外", "gameId": 2165 },
            { "name": "二次元", "gameId": 2633 },
            { "name": "一起看", "gameId": 2135 },
            { "name": "美食", "gameId": 2752 },
            { "name": "颜值", "gameId": 2168 },
            { "name": "交友", "gameId": 4079 },
            { "name": "音乐", "gameId": 3793 },
            { "name": "体育", "gameId": 2356 }
        ]
    },
    {
        "name": "网游竞技",
        "list": [
            { "name": "英雄联盟", "gameId": 1 },
            { "name": "LOL云顶之弈", "gameId": 5485 },
            { "name": "穿越火线", "gameId": 4 },
            { "name": "DNF", "gameId": 2 },
            { "name": "魔兽世界", "gameId": 8 },
            { "name": "炉石传说", "gameId": 393 },
            { "name": "DOTA2", "gameId": 7 },
            { "name": "坦克世界", "gameId": 802 },
            { "name": "CS:GO", "gameId": 862 },
            { "name": "魔兽争霸3", "gameId": 4615 },
            { "name": "问道", "gameId": 107 },
            { "name": "使命召唤", "gameId": 100137 }
        ]
    },
    {
        "name": "单机热游",
        "list": [
            { "name": "绝地求生", "gameId": 2793 },
            { "name": "主机游戏", "gameId": 100032 },
            { "name": "我的世界", "gameId": 1732 },
            { "name": "方舟", "gameId": 1997 },
            { "name": "怪物猎人", "gameId": 3519 },
            { "name": "逃离塔科夫", "gameId": 3493 },
            { "name": "怀旧游戏", "gameId": 100125 },
            { "name": "骑马与砍杀", "gameId": 4783 },
            { "name": "拾遗记", "gameId": 4913 }
        ]
    },
    {
        "name": "手游休闲",
        "list": [
            { "name": "王者荣耀", "gameId": 2336 },
            { "name": "和平精英", "gameId": 3203 },
            { "name": "综合手游", "gameId": 100029 },
            { "name": "狼人杀", "gameId": 100049 },
            { "name": "QQ飞车", "gameId": 2928 },
            { "name": "CF手游", "gameId": 2413 },
            { "name": "跑跑手游", "gameId": 2620 },
            { "name": "皇室战争", "gameId": 2439 },
            { "name": "火影手游", "gameId": 2429 }
        ]
    }
]
